service,marque,model,matricule,fuel,
DOT,RENAULT,KANGOO,44151-105-16,GO,,
DOT,RENAULT,FLUENCE ,068999-114-16,GO,,
DOT,VOLKSWAGEN,CADDY,084805-118-16,GO,,
DOT,CHEVROLET,SPARK,121365-112-16,ESS,,
DOT,RENAULT,KANGOO,46152-106-16,GO,,
DO fonction support,RENAULT,KANGOO,113452-114-16,GO,,
DO fonction support,PEUGEOT,PARTNER,112107-113-16/10347-311-16,GO,10347-311-16,reforme
DO fonction support,RENAULT,KANGOO,43729-106-16,GO,,
DO fonction support,RENAULT,KANGOO,40924-105-16,GO,,
DO fonction support,RENAULT,KANGOO,08910-105-16,GO,,
DO fonction support,RENAULT,KANGOO,00053-00-16,ESS,,
DO fonction support,CHEVROLET,SPARK,121512-112-16,ESS,,
DO SD-TECHNIQUE,RENAULT,SYMBOL,080030-115-16,GPL/ESS,,
DO SD-TECHNIQUE,CHEVROLET,SPARK,121292-112-16,ESS,,
DO SD-TECHNIQUE,VOLKSWAGEN,CADDY,084750-118-16,GO,,
DO SD-TECHNIQUE,VOLKSWAGEN,CADDY,084065-118-16,GO,,
DO SD-COMMERCIAL,SEAT,IBIZA,084385-118-16,ESP / GPL,,
DO SD-COMMERCIAL,SEAT,IBIZA,084378-118-16,ESP / GPL,,
DO SD-COMMERCIAL,RENAULT,KANGOO,113427-114-16,GO,,
DO SD-COMMERCIAL,HYUNDAI,H100,04443-304-16,GO,,
DO SD-COMMERCIAL,PUGEOT,EXPERT,09976-311-16,ESP / GPL,,
DO CT EL BIAR,VOLKSWAGEN,CADDY ,084693-118-16,GO,,
DO CT CLUB DES PINS,VOLKSWAGEN,CADDY,084751-118-16,GO,,
DO CT CLUB DES PINS,HYUNDAI,TERACAM,48903-106-16,GO,,
DO CT CHERAGA,VOLKSWAGEN,CADDY,084747-118-16,GO,,
DO CEE BEO,RENAULT,KANGOO,113430-114-16,GO,,
DO CEE BEO,PEUGEOT,EXPERT,09009-311-16,ESP / GPL,,
DO CEE BEO,VOLKSWAGEN,CADDY,045317-319-16,GO,,
DO CEE BEO,RENAULT,KANGOO,113429-114-16,GO,,
DO CMSO CHERAGA,VOLKSWAGEN,CADDY,84066-118-16,GO,,
DO CMSO CHERAGA,VOLKSWAGEN,CADDY,083674-118-16,GO,,
DO CMSO CHERAGA,RENAULT,KANGOO,032232-115-16,GO,,
DO CMSO CHERAGA,RENAULT,KANGOO,032178-115-16,GO,,
DO CMSO CHERAGA,VOLKSWAGEN,CADDY,044404-119-16,GO,,
DO CIL ZERALDA,,CADDY,45321-119-16,GO,,
DO CIL ZERALDA,RENAULT,KANGOO,113450-114-16,GO,,
DO CIL ZERALDA,PEUGEOT,partner,112951-113-16,GO,,
DO CIL ZERALDA,RENAULT,KANGOO,113428-114-16,GO,,
CMP AIN BENIAN,RENAULT,KANGOO,015921 315 16,GO,,
CMP AIN BENIAN,RENAULT,KANGOO,020421 313 16,GO,,
CMP AIN BENIAN,RENAULT,KANGOO,020426 313 16,GO,,
CMP AIN BENIAN,RENAULT,KANGOO,022023 314 16,GO,,
CMP AIN BENIAN,RENAULT,KANGOO,015934-315-16,GO,,
CMP AIN BENIAN,RENAULT,KANGOO,022022-314-16,GO,,
CMP AIN BENIAN,VOLKSWAGEN,CADDY,005239-319-16,GO,,
CMP BEO,RENAULT,KANGOO,020406-313-16,GO,,
CMP BEO,RENAULT,KANGOO,015918-315-16,GO,,
CMP BEO,RENAULT,KANGOO,022018-314-16,GO,,
CMP BEO,RENAULT,KANGOO,022774-314-16,GO,,
CMP BEO,RENAULT,KANGOO,020413-313-16,GO,,
CMP BEO,VOLKSWAGEN,CADDY ,004446-319-16,GO,,
CMP BOUZAREAH,RENAULT,KANGOO,020410-313-16,GO,,
CMP BOUZAREAH,RENAULT,KANGOO,020414-313-16,GO,,
CMP BOUZAREAH,RENAULT,KANGOO,017905-315-16,GO,,
CMP BOUZAREAH,RENAULT,KANGOO,015926-315-16,GO,,
CMP BOUZAREAH,RENAULT,KANGOO,022024-314-16,GO,,
CMP BOUZAREAH,RENAULT,KANGOO,020408-313-16,GO,,
CMP BOUZAREAH,PEUGEOT,EXPERT,09292-311-16,ESP / GPL,,
CMP BOUZAREAH,VOLKSWAGEN,caddy,005238-319-16,GO,,
CMP BOUZAREAH,PEUGEOT,EXPERT,11287-311-16,ESP / GPL,,
CMP CHERAGA ,RENAULT,KANGOO,20409-313-16,GO,,
CMP CHERAGA ,RENAULT,KANGOO,20411-313-16,GO,,
CMP CHERAGA ,RENAULT,KANGOO,20422-313-16,GO,,
CMP CHERAGA ,RENAULT,KANGOO,20425-313-16,GO,,
CMP CHERAGA ,RENAULT,KANGOO,15930-315-16,GO,,
CMP CHERAGA ,VOLKSWAGEN,CADDY,007557-318-16,GO,,
CMP CHERAGA ,RENAULT,KANGOO,015919-315-16,GO,,
CMP CHERAGA ,VOLKSWAGEN,CADDY,004319-119-16,GO,,
CMP BABA HSSEN ,RENAULT,KANGOO,015931-315-16,GO,,
CMP BABA HSSEN ,VOLKSWAGEN,CADDY ,084692-118-16,GO,,
CMP BABA HSSEN ,VOLKSWAGEN,CADDY ,004773-319-16  ,GO,,
CMP BABA HSSEN ,RENAULT,KANGOO,022025-314-16,GO,,
CMP DOUERA ,RENAULT,KANGOO,015933-315-16     ,GO,,
CMP DOUERA ,RENAULT,KANGOO,019885-313-16,GO,,
CMP DOUERA ,RENAULT,KANGOO,019887-313-16,GO,,
CMP DOUERA ,VOLKSWAGEN,CADDY ,005231-319-16,GO,,
CMP EL ACHOUR,RENAULT,KANGOO,019841-313-16,GO,,
CMP EL ACHOUR,EXPERT,KANGOO,011437-311-16,GO,,
CMP EL ACHOUR,RENAULT,KANGOO,016627-315-16,GO,,
CMP EL ACHOUR,RENAULT,KANGOO,022029-314-16,GO,,
CMP EL ACHOUR,RENAULT,KANGOO,015923-315-16,GO,,
CMP EL ACHOUR,RENAULT,KANGOO,015920-315-16,GO,,
CMP EL ACHOUR,VOLKSWAGEN,CADDY ,007374-318-16,GO,,
CMP EL ACHOUR,VOLKSWAGEN,CADDY ,007547-318-16,GO,,
CMP EL ACHOUR,VOLKSWAGEN,CADDY ,045331-119-16,GO,,
CMP EL BIAR,PEUGEOT,EXPERT,09148-311-16,ESP / GPL,,
CMP EL BIAR,PEUGEOT,EXPERT,09141-311-16,ESP / GPL,,
CMP EL BIAR,RENAULT,KANGOO,015937-315-16,GO,,
CMP EL BIAR,VOLKSWAGEN,CADDY,007546-318-16,GO,,
CMP EL BIAR,VOLKSWAGEN,CADDY,083433-118-16,GO,,
CMP EL BIAR,RENAULT,KANGOO,020407-313-16,GO,,
CMP EL BIAR,VOLKSWAGEN,CADDY,004774-319-16,GO,,
CMP EL BIAR,VOLKSWAGEN,CADDY,005234-319-16,GO,,
CMP IBN ZIRI,RENAULT,KANGOO,020428-313-16,GO,,
CMP IBN ZIRI,RENAULT,KANGOO,020427-313-16,GO,,
CMP IBN ZIRI,RENAULT,KANGOO,020431-313-16,GO,,
CMP IBN ZIRI,VOLKSWAGEN,CADDY,084746-118-16,GO,,
CMP IBN ZIRI,VOLKSWAGEN,CADDY,004776-319-16,GO,,
CMP IBN ZIRI,VOLKSWAGEN,CADDY,004777-319-16,GO,,
CMP OFA,RENAULT,KANGOO,015932- 315 16,GO,,
CMP OFA,RENAULT,KANGOO,022028- 314 16,GO,,
CMP OFA,RENAULT,KANGOO,022017- 314 -16,GO,,
CMP OFA,VOLKSWAGEN,CADDY,084749-118-16,GO,,
CMP OFA,VOLKSWAGEN,CADDY,005236-119-16,GO,,
CMP OFA,PEUGEOT,EXPERT ,09011-311-16,ESP / GPL,,
CMP SIDI ABDELLAH,VOLKSWAGEN,CADDY,007558-318-16,GO,,
CMP SIDI ABDELLAH,VOLKSWAGEN,CADDY,004775-319-16,GO,,
CMP SIDI ABDELLAH,RENAULT,KANGOO,022019-314-16,GO,,
CMP SIDI ABDELLAH,PEUGEOT,partner,113393-113-16,GO,,
CMP SIDI ABDELLAH,PEUGEOT,EXPERT,08825-311-16,ESP / GPL,,
CMP SIDI ABDELLAH,RENAULT,KANGOO,015938-315-16,GO,,
CMP SIDI ABDELLAH,PEUGEOT,EXPERT,09307-311-16,ESP / GPL,,
CMP ZERALDA,PEUGEOT,EXPERT ,08970-311-16,ESP / GPL,,
CMP ZERALDA,RENAULT,KANGOO,020412-313-16,GO,,
CMP ZERALDA,RENAULT,KANGOO,020424-313-16,GO,,
CMP ZERALDA,RENAULT,KANGOO,015939 315 16,GO,,
CMP ZERALDA,RENAULT,KANGOO,015925 315 16,GO,,
CMP ZERALDA,RENAULT,KANGOO,020432-313-16,GO,,
CMP ZERALDA,VOLKSWAGEN,CADDY,084807-118-16,GO,,
CMP ZERALDA,VOLKSWAGEN,CADDY,005241-319-16,GO,,
ACTEL BABA HASSEN,SEAT,IBIZA,084381-118-16,ESP / GPL,,
ACTEL BEN AKNOUN,CHEVROLET,SPARK,121286-112-16,ESS,,
ACTEL BEO,CHEVROLET,SPARK,121324-112-16,ESS,,
ACTEL EL ACHOUR,RENAULT,KANGOO,015924-315-16,GO,,
ACTEL EL BIAR,CHEVROLET,SPARK,121273.112.16,ESS,,
ACTEL OFA,RENAULT,KANGOO,15929 315 16,GO,,
ACTEL ZERALDA,SEAT,IBIZA,084379-118-16,ESP / GPL,,
ACTEL SIDI ABDELLAH,SEAT,IBIZA,084384-118-16,ESP / GPL,,
ACTEL CHERAG,SEAT,IBIZA,085127-118-16,ESP / GPL,,
ACTEL AIN BENIAN ,CHOVROLET,SPARK,118567-112-16,ESS,,
ACTEL ROSTOMIA,CHOVROLET,SPARK,121371-112-16,ESS,,
10347-311-16,reforme,,,,,
